"Scan Number",Sequence,"Theoretical Mz",Charge,"Modifications <Name;Index;Mass Change>","# Matched Fragments","# Bonds Broken","% TIC Explained","Processing Time","Peak Count"
49881,ANVVVHCASPMHGQNPDIYDIVNVK,926.45477560156,3,"<carbamidomethyl C;6;57.02146372>",58,22,42.159050773074%,0.009955,325
50869,DNFWEMGDQGPCGPCSEIHYDR,890.68625684156,3,"<carbamidomethyl C;11;57.02146372><carbamidomethyl C;14;57.02146372>",66,20,43.741032230344%,0.012776,488
51739,GCIVRPGYVTGASANGSSNTDDFLLR,909.77668360156,3,"<carbamidomethyl C;1;57.02146372>",71,23,38.253426127234%,0.011578,431
58299,SLHDVVENVKPTCLVGCSTQAGAFTQDVVEEMHK,947.20374249789,4,"<carbamidomethyl C;12;57.02146372><carbamidomethyl C;16;57.02146372>",123,32,36.20306741495%,0.032105,673
60724,KAEMESDLNNAADLFAGLGVAEEHPR,928.78008302822,3,,92,25,51.58634242457%,0.011313,464
61070,RLAPTYQELADTYANATSDVLIAK,875.45705369489,3,,59,22,34.874581445323%,0.00783,492
61094,AREFEAGSQNANLLPIAANEFNLR,882.45252369489,3,,72,22,35.134581544297%,0.011967,786
61114,LSLHEPYTVEGVSPDDLMLTACLAASR,987.81592047489,3,"<oxidation of M;17;15.99491462><carbamidomethyl C;21;57.02146372>",68,23,43.149977999929%,0.00593,361
61754,REQDVPLIVPVVNPEHLDIVAQK,870.15341336156,3,,56,20,33.505454208098%,0.007638,498
63966,SANLMAGHWVAISGAAGGLGSLAVQYAK,1350.6999453089,2,,58,26,45.730627434151%,0.003463,317
65026,RYTNPVVIQGAGAGAAVTAAGVLGDVIK,890.16420736156,3,,55,24,45.66508760287%,0.0061300000000001,309
65313,LSLHEPYTVEGVSPDDLMLTACLAASR,982.48428226822,3,"<carbamidomethyl C;21;57.02146372>",80,24,44.590136755505%,0.0077970000000001,495
65510,NQDLFADGEASAQLSNATTEMANLSNQVNSLSK,1156.8776290282,3,,52,28,50.273412712899%,0.0062990000000001,260
65593,RGSYVMNLLSDAAQSETWPAIKPLLTK,1002.5303312349,3,"<oxidation of M;5;15.99491462>",60,24,39.417870707939%,0.00625,323
65672,NGDEPSVLLAYWTPETNNSACTATIAEVPR,1092.8540986016,3,"<carbamidomethyl C;20;57.02146372>",59,25,57.336671972056%,0.00573,260
65836,AGALHGIAQDSTPWIFNEDDTPADYFGEQLAK,1159.8792910282,3,,80,30,36.147473248644%,0.011236,583
66193,AFNQVEIRPEMLGHYLGEFSITYTPVR,1056.5375970282,3,,91,24,37.650489967838%,0.0078859999999999,432
66402,AVEFAEQLLANPVMKPIGLAAR,1169.6511988089,2,,43,19,46.051996326784%,0.002386,297
67548,RGSYVMNLLSDAAQSETWPAIKPLLTK,997.19869302822,3,,85,24,39.535113109778%,0.0098210000000001,540
67590,TIHLINEALDLEELQDTDLNAIALAK,959.51321669489,3,,71,25,39.362445023158%,0.0088039999999999,536
